"STUDENTID","GPA","Major"
65446,1.5596255288925,"computer science"
79686,3.81303340024315,"economics"
56400,2.84091178318486,"political science"
10001,2.664,"economics"
